-- Sample data generated from schema

INSERT INTO student(student_id,name,email,role,enrollment_year,major) VALUES (1,'Student 01','student01@brescia.edu','undergraduate',2018,'Engineering');
INSERT INTO student(student_id,name,email,role,enrollment_year,major) VALUES (2,'Student 02','student02@brescia.edu','undergraduate',2020,'Business');
INSERT INTO student(student_id,name,email,role,enrollment_year,major) VALUES (3,'Student 03','student03@brescia.edu','undergraduate',2019,'Education');
INSERT INTO student(student_id,name,email,role,enrollment_year,major) VALUES (4,'Student 04','student04@brescia.edu','undergraduate',2018,'Business');
INSERT INTO student(student_id,name,email,role,enrollment_year,major) VALUES (5,'Student 05','student05@brescia.edu','undergraduate',2018,'Physics');
INSERT INTO student(student_id,name,email,role,enrollment_year,major) VALUES (6,'Student 06','student06@brescia.edu','undergraduate',2024,'Psychology');
INSERT INTO student(student_id,name,email,role,enrollment_year,major) VALUES (7,'Student 07','student07@brescia.edu','undergraduate',2022,'Computer Science');
INSERT INTO student(student_id,name,email,role,enrollment_year,major) VALUES (8,'Student 08','student08@brescia.edu','graduate',2020,'Art');
INSERT INTO student(student_id,name,email,role,enrollment_year,major) VALUES (9,'Student 09','student09@brescia.edu','undergraduate',2020,'Psychology');
INSERT INTO student(student_id,name,email,role,enrollment_year,major) VALUES (10,'Student 10','student10@brescia.edu','doctoral',2023,'Business');
INSERT INTO student(student_id,name,email,role,enrollment_year,major) VALUES (11,'Student 11','student11@brescia.edu','undergraduate',2019,'History');
INSERT INTO student(student_id,name,email,role,enrollment_year,major) VALUES (12,'Student 12','student12@brescia.edu','graduate',2022,'Computer Science');
INSERT INTO student(student_id,name,email,role,enrollment_year,major) VALUES (13,'Student 13','student13@brescia.edu','graduate',2019,'Art');
INSERT INTO student(student_id,name,email,role,enrollment_year,major) VALUES (14,'Student 14','student14@brescia.edu','undergraduate',2022,'Education');
INSERT INTO student(student_id,name,email,role,enrollment_year,major) VALUES (15,'Student 15','student15@brescia.edu','graduate',2023,'Education');
INSERT INTO student(student_id,name,email,role,enrollment_year,major) VALUES (16,'Student 16','student16@brescia.edu','undergraduate',2019,'Computer Science');
INSERT INTO student(student_id,name,email,role,enrollment_year,major) VALUES (17,'Student 17','student17@brescia.edu','undergraduate',2022,'Business');
INSERT INTO student(student_id,name,email,role,enrollment_year,major) VALUES (18,'Student 18','student18@brescia.edu','graduate',2019,'Art');
INSERT INTO student(student_id,name,email,role,enrollment_year,major) VALUES (19,'Student 19','student19@brescia.edu','undergraduate',2023,'Biology');
INSERT INTO student(student_id,name,email,role,enrollment_year,major) VALUES (20,'Student 20','student20@brescia.edu','undergraduate',2021,'Engineering');
INSERT INTO student(student_id,name,email,role,enrollment_year,major) VALUES (21,'Student 21','student21@brescia.edu','graduate',2019,'Education');
INSERT INTO student(student_id,name,email,role,enrollment_year,major) VALUES (22,'Student 22','student22@brescia.edu','undergraduate',2021,'Biology');
INSERT INTO student(student_id,name,email,role,enrollment_year,major) VALUES (23,'Student 23','student23@brescia.edu','undergraduate',2022,'Physics');
INSERT INTO student(student_id,name,email,role,enrollment_year,major) VALUES (24,'Student 24','student24@brescia.edu','undergraduate',2023,'Computer Science');
INSERT INTO student(student_id,name,email,role,enrollment_year,major) VALUES (25,'Student 25','student25@brescia.edu','undergraduate',2018,'History');
INSERT INTO student(student_id,name,email,role,enrollment_year,major) VALUES (26,'Student 26','student26@brescia.edu','undergraduate',2019,'Psychology');
INSERT INTO student(student_id,name,email,role,enrollment_year,major) VALUES (27,'Student 27','student27@brescia.edu','graduate',2023,'Psychology');
INSERT INTO student(student_id,name,email,role,enrollment_year,major) VALUES (28,'Student 28','student28@brescia.edu','undergraduate',2024,'Mathematics');
INSERT INTO student(student_id,name,email,role,enrollment_year,major) VALUES (29,'Student 29','student29@brescia.edu','undergraduate',2020,'Psychology');
INSERT INTO student(student_id,name,email,role,enrollment_year,major) VALUES (30,'Student 30','student30@brescia.edu','graduate',2022,'Education');
INSERT INTO student(student_id,name,email,role,enrollment_year,major) VALUES (31,'Student 31','student31@brescia.edu','undergraduate',2024,'History');
INSERT INTO student(student_id,name,email,role,enrollment_year,major) VALUES (32,'Student 32','student32@brescia.edu','undergraduate',2020,'Physics');
INSERT INTO student(student_id,name,email,role,enrollment_year,major) VALUES (33,'Student 33','student33@brescia.edu','undergraduate',2018,'Business');
INSERT INTO student(student_id,name,email,role,enrollment_year,major) VALUES (34,'Student 34','student34@brescia.edu','undergraduate',2020,'Art');
INSERT INTO student(student_id,name,email,role,enrollment_year,major) VALUES (35,'Student 35','student35@brescia.edu','undergraduate',2024,'Art');
INSERT INTO student(student_id,name,email,role,enrollment_year,major) VALUES (36,'Student 36','student36@brescia.edu','undergraduate',2025,'Physics');
INSERT INTO student(student_id,name,email,role,enrollment_year,major) VALUES (37,'Student 37','student37@brescia.edu','undergraduate',2018,'Business');
INSERT INTO student(student_id,name,email,role,enrollment_year,major) VALUES (38,'Student 38','student38@brescia.edu','undergraduate',2022,'History');
INSERT INTO student(student_id,name,email,role,enrollment_year,major) VALUES (39,'Student 39','student39@brescia.edu','undergraduate',2024,'Biology');
INSERT INTO student(student_id,name,email,role,enrollment_year,major) VALUES (40,'Student 40','student40@brescia.edu','undergraduate',2022,'Physics');
INSERT INTO student(student_id,name,email,role,enrollment_year,major) VALUES (41,'Student 41','student41@brescia.edu','graduate',2019,'Engineering');
INSERT INTO student(student_id,name,email,role,enrollment_year,major) VALUES (42,'Student 42','student42@brescia.edu','graduate',2021,'Biology');
INSERT INTO student(student_id,name,email,role,enrollment_year,major) VALUES (43,'Student 43','student43@brescia.edu','undergraduate',2020,'Physics');
INSERT INTO student(student_id,name,email,role,enrollment_year,major) VALUES (44,'Student 44','student44@brescia.edu','doctoral',2018,'Education');
INSERT INTO student(student_id,name,email,role,enrollment_year,major) VALUES (45,'Student 45','student45@brescia.edu','undergraduate',2018,'Business');
INSERT INTO student(student_id,name,email,role,enrollment_year,major) VALUES (46,'Student 46','student46@brescia.edu','graduate',2022,'Psychology');
INSERT INTO student(student_id,name,email,role,enrollment_year,major) VALUES (47,'Student 47','student47@brescia.edu','undergraduate',2019,'Business');
INSERT INTO student(student_id,name,email,role,enrollment_year,major) VALUES (48,'Student 48','student48@brescia.edu','graduate',2019,'Physics');
INSERT INTO student(student_id,name,email,role,enrollment_year,major) VALUES (49,'Student 49','student49@brescia.edu','graduate',2020,'Mathematics');
INSERT INTO student(student_id,name,email,role,enrollment_year,major) VALUES (50,'Student 50','student50@brescia.edu','graduate',2020,'Engineering');

INSERT INTO faculty(faculty_id,name,email,department,title,office_location) VALUES (1,'Dr. Faculty1','faculty1@brescia.edu','Athletics','Lecturer','Building 2 R376');
INSERT INTO faculty(faculty_id,name,email,department,title,office_location) VALUES (2,'Dr. Faculty2','faculty2@brescia.edu','Engineering','Associate Professor','Building 6 R259');
INSERT INTO faculty(faculty_id,name,email,department,title,office_location) VALUES (3,'Dr. Faculty3','faculty3@brescia.edu','Biology','Assistant Professor','Building 4 R364');
INSERT INTO faculty(faculty_id,name,email,department,title,office_location) VALUES (4,'Dr. Faculty4','faculty4@brescia.edu','Biology','Professor','Building 2 R215');
INSERT INTO faculty(faculty_id,name,email,department,title,office_location) VALUES (5,'Dr. Faculty5','faculty5@brescia.edu','Computer Science','Assistant Professor','Building 1 R401');
INSERT INTO faculty(faculty_id,name,email,department,title,office_location) VALUES (6,'Dr. Faculty6','faculty6@brescia.edu','Athletics','Associate Professor','Building 5 R212');
INSERT INTO faculty(faculty_id,name,email,department,title,office_location) VALUES (7,'Dr. Faculty7','faculty7@brescia.edu','Computer Science','Professor','Building 6 R423');
INSERT INTO faculty(faculty_id,name,email,department,title,office_location) VALUES (8,'Dr. Faculty8','faculty8@brescia.edu','Computer Science','Associate Professor','Building 1 R116');

INSERT INTO staff(staff_id,name,email,department,position,office_location) VALUES (1,'Staff 1','staff1@brescia.edu','Event Services','Coordinator','Office B17');
INSERT INTO staff(staff_id,name,email,department,position,office_location) VALUES (2,'Staff 2','staff2@brescia.edu','Student Life','Manager','Office B16');
INSERT INTO staff(staff_id,name,email,department,position,office_location) VALUES (3,'Staff 3','staff3@brescia.edu','Student Life','Assistant','Office B19');
INSERT INTO staff(staff_id,name,email,department,position,office_location) VALUES (4,'Staff 4','staff4@brescia.edu','Administration','Technician','Office B8');
INSERT INTO staff(staff_id,name,email,department,position,office_location) VALUES (5,'Staff 5','staff5@brescia.edu','IT','Technician','Office B7');

INSERT INTO venue(venue_id,name,building,capacity,equipment,setup_types,hourly_cost,requires_approval) VALUES (1,'Venue 1','Building 2',79,'Microphones,Catering,PA System,Stage','theater,u-shape,banquet',80.52,1);
INSERT INTO venue(venue_id,name,building,capacity,equipment,setup_types,hourly_cost,requires_approval) VALUES (2,'Venue 2','Building 6',439,'Sound System','classroom',107.26,1);
INSERT INTO venue(venue_id,name,building,capacity,equipment,setup_types,hourly_cost,requires_approval) VALUES (3,'Venue 3','Building 3',246,'Microphones,Catering','theater',88.63,0);
INSERT INTO venue(venue_id,name,building,capacity,equipment,setup_types,hourly_cost,requires_approval) VALUES (4,'Venue 4','Building 2',55,'Projector','classroom',81.28,0);
INSERT INTO venue(venue_id,name,building,capacity,equipment,setup_types,hourly_cost,requires_approval) VALUES (5,'Venue 5','Building 8',139,'Projector,Sound System,Catering,Video Conferencing','conference,banquet',57.05,0);
INSERT INTO venue(venue_id,name,building,capacity,equipment,setup_types,hourly_cost,requires_approval) VALUES (6,'Venue 6','Building 8',109,'Microphones,Sound System','u-shape',147.15,0);
INSERT INTO venue(venue_id,name,building,capacity,equipment,setup_types,hourly_cost,requires_approval) VALUES (7,'Venue 7','Building 1',412,'Projector,Video Conferencing,Stage','u-shape,classroom',11.38,0);
INSERT INTO venue(venue_id,name,building,capacity,equipment,setup_types,hourly_cost,requires_approval) VALUES (8,'Venue 8','Building 2',465,'Projector,Stage','classroom',80.76,0);
INSERT INTO venue(venue_id,name,building,capacity,equipment,setup_types,hourly_cost,requires_approval) VALUES (9,'Venue 9','Building 4',326,'Stage','banquet',131.47,0);
INSERT INTO venue(venue_id,name,building,capacity,equipment,setup_types,hourly_cost,requires_approval) VALUES (10,'Venue 10','Building 6',163,'PA System,Video Conferencing','classroom,conference',79.16,0);
INSERT INTO venue(venue_id,name,building,capacity,equipment,setup_types,hourly_cost,requires_approval) VALUES (11,'Venue 11','Building 5',264,'Video Conferencing,Projector,PA System','u-shape,theater',14.65,0);
INSERT INTO venue(venue_id,name,building,capacity,equipment,setup_types,hourly_cost,requires_approval) VALUES (12,'Venue 12','Building 4',289,'Sound System,Microphones,Projector','conference',57,0);
INSERT INTO venue(venue_id,name,building,capacity,equipment,setup_types,hourly_cost,requires_approval) VALUES (13,'Venue 13','Building 8',456,'Stage,PA System,Video Conferencing','u-shape',59.88,0);
INSERT INTO venue(venue_id,name,building,capacity,equipment,setup_types,hourly_cost,requires_approval) VALUES (14,'Venue 14','Building 2',479,'Microphones,Projector','u-shape',31.09,0);

INSERT INTO organization(org_id,name,description,founding_date,membership_count,budget,advisor_id) VALUES (1,'Org 1','Student organization 1 focused on activities and learning.','2009-10-07',48,2434.17,5);
INSERT INTO organization(org_id,name,description,founding_date,membership_count,budget,advisor_id) VALUES (2,'Org 2','Student organization 2 focused on activities and learning.','2016-08-09',11,1376.84,7);
INSERT INTO organization(org_id,name,description,founding_date,membership_count,budget,advisor_id) VALUES (3,'Org 3','Student organization 3 focused on activities and learning.','2008-01-01',47,7825.63,5);
INSERT INTO organization(org_id,name,description,founding_date,membership_count,budget,advisor_id) VALUES (4,'Org 4','Student organization 4 focused on activities and learning.','2005-12-15',75,7203.84,1);
INSERT INTO organization(org_id,name,description,founding_date,membership_count,budget,advisor_id) VALUES (5,'Org 5','Student organization 5 focused on activities and learning.','2003-02-23',24,5683.11,6);
INSERT INTO organization(org_id,name,description,founding_date,membership_count,budget,advisor_id) VALUES (6,'Org 6','Student organization 6 focused on activities and learning.','2018-09-05',60,1710.73,5);
INSERT INTO organization(org_id,name,description,founding_date,membership_count,budget,advisor_id) VALUES (7,'Org 7','Student organization 7 focused on activities and learning.','2011-01-12',31,6979.63,2);
INSERT INTO organization(org_id,name,description,founding_date,membership_count,budget,advisor_id) VALUES (8,'Org 8','Student organization 8 focused on activities and learning.','2011-09-28',57,9751.45,3);
INSERT INTO organization(org_id,name,description,founding_date,membership_count,budget,advisor_id) VALUES (9,'Org 9','Student organization 9 focused on activities and learning.','2007-03-26',27,8873.45,1);
INSERT INTO organization(org_id,name,description,founding_date,membership_count,budget,advisor_id) VALUES (10,'Org 10','Student organization 10 focused on activities and learning.','2005-12-11',57,8121.23,4);
INSERT INTO organization(org_id,name,description,founding_date,membership_count,budget,advisor_id) VALUES (11,'Org 11','Student organization 11 focused on activities and learning.','2008-03-26',18,4134.15,1);
INSERT INTO organization(org_id,name,description,founding_date,membership_count,budget,advisor_id) VALUES (12,'Org 12','Student organization 12 focused on activities and learning.','2015-04-07',63,3821.76,4);

INSERT INTO event(event_id,title,description,event_type,organizer_org_id,organizer_faculty_id,organizer_staff_id,venue_id,start_datetime,end_datetime,expected_attendance,requires_registration,is_recurring,status) VALUES (1,'Event 1','Description for event 1.','social_event',4,NULL,NULL,7,'2025-07-02T21:00:00','2025-07-02T22:00:00',162,1,0,'completed');
INSERT INTO event(event_id,title,description,event_type,organizer_org_id,organizer_faculty_id,organizer_staff_id,venue_id,start_datetime,end_datetime,expected_attendance,requires_registration,is_recurring,status) VALUES (2,'Event 2','Description for event 2.','academic_conference',5,NULL,NULL,3,'2025-11-08T21:00:00','2025-11-08T22:00:00',75,1,0,'completed');
INSERT INTO event(event_id,title,description,event_type,organizer_org_id,organizer_faculty_id,organizer_staff_id,venue_id,start_datetime,end_datetime,expected_attendance,requires_registration,is_recurring,status) VALUES (3,'Event 3','Description for event 3.','guest_lecture',9,NULL,NULL,2,'2025-08-01T02:00:00','2025-08-01T04:00:00',150,1,0,'scheduled');
INSERT INTO event(event_id,title,description,event_type,organizer_org_id,organizer_faculty_id,organizer_staff_id,venue_id,start_datetime,end_datetime,expected_attendance,requires_registration,is_recurring,status) VALUES (4,'Event 4','Description for event 4.','workshop',11,NULL,NULL,6,'2025-06-25T03:00:00','2025-06-25T04:00:00',173,1,0,'completed');
INSERT INTO event(event_id,title,description,event_type,organizer_org_id,organizer_faculty_id,organizer_staff_id,venue_id,start_datetime,end_datetime,expected_attendance,requires_registration,is_recurring,status) VALUES (5,'Event 5','Description for event 5.','guest_lecture',9,NULL,NULL,3,'2025-04-23T23:00:00','2025-04-24T03:00:00',109,0,0,'scheduled');
INSERT INTO event(event_id,title,description,event_type,organizer_org_id,organizer_faculty_id,organizer_staff_id,venue_id,start_datetime,end_datetime,expected_attendance,requires_registration,is_recurring,status) VALUES (6,'Event 6','Description for event 6.','workshop',7,NULL,NULL,13,'2025-11-08T02:00:00','2025-11-08T05:00:00',258,1,0,'cancelled');
INSERT INTO event(event_id,title,description,event_type,organizer_org_id,organizer_faculty_id,organizer_staff_id,venue_id,start_datetime,end_datetime,expected_attendance,requires_registration,is_recurring,status) VALUES (7,'Event 7','Description for event 7.','meeting',2,NULL,NULL,5,'2025-10-06T03:00:00','2025-10-06T06:00:00',67,0,0,'completed');
INSERT INTO event(event_id,title,description,event_type,organizer_org_id,organizer_faculty_id,organizer_staff_id,venue_id,start_datetime,end_datetime,expected_attendance,requires_registration,is_recurring,status) VALUES (8,'Event 8','Description for event 8.','social_event',NULL,3,NULL,1,'2025-02-07T20:00:00','2025-02-08T00:00:00',57,1,0,'scheduled');
INSERT INTO event(event_id,title,description,event_type,organizer_org_id,organizer_faculty_id,organizer_staff_id,venue_id,start_datetime,end_datetime,expected_attendance,requires_registration,is_recurring,status) VALUES (9,'Event 9','Description for event 9.','meeting',8,NULL,NULL,7,'2025-05-19T19:00:00','2025-05-19T20:00:00',74,0,0,'cancelled');
INSERT INTO event(event_id,title,description,event_type,organizer_org_id,organizer_faculty_id,organizer_staff_id,venue_id,start_datetime,end_datetime,expected_attendance,requires_registration,is_recurring,status) VALUES (10,'Event 10','Description for event 10.','academic_conference',2,NULL,NULL,8,'2025-03-25T00:00:00','2025-03-25T03:00:00',246,0,0,'cancelled');
INSERT INTO event(event_id,title,description,event_type,organizer_org_id,organizer_faculty_id,organizer_staff_id,venue_id,start_datetime,end_datetime,expected_attendance,requires_registration,is_recurring,status) VALUES (11,'Event 11','Description for event 11.','athletic_competition',3,NULL,NULL,12,'2025-09-16T00:00:00','2025-09-16T03:00:00',146,0,0,'cancelled');
INSERT INTO event(event_id,title,description,event_type,organizer_org_id,organizer_faculty_id,organizer_staff_id,venue_id,start_datetime,end_datetime,expected_attendance,requires_registration,is_recurring,status) VALUES (12,'Event 12','Description for event 12.','meeting',8,NULL,NULL,2,'2025-06-10T20:00:00','2025-06-10T23:00:00',191,1,0,'scheduled');
INSERT INTO event(event_id,title,description,event_type,organizer_org_id,organizer_faculty_id,organizer_staff_id,venue_id,start_datetime,end_datetime,expected_attendance,requires_registration,is_recurring,status) VALUES (13,'Event 13','Description for event 13.','social_event',12,NULL,NULL,3,'2025-05-04T18:00:00','2025-05-04T22:00:00',228,1,0,'scheduled');
INSERT INTO event(event_id,title,description,event_type,organizer_org_id,organizer_faculty_id,organizer_staff_id,venue_id,start_datetime,end_datetime,expected_attendance,requires_registration,is_recurring,status) VALUES (14,'Event 14','Description for event 14.','social_event',NULL,7,NULL,13,'2025-11-10T17:00:00','2025-11-10T21:00:00',264,1,0,'cancelled');
INSERT INTO event(event_id,title,description,event_type,organizer_org_id,organizer_faculty_id,organizer_staff_id,venue_id,start_datetime,end_datetime,expected_attendance,requires_registration,is_recurring,status) VALUES (15,'Event 15','Description for event 15.','guest_lecture',12,NULL,NULL,9,'2025-05-08T00:00:00','2025-05-08T02:00:00',159,1,1,'completed');
INSERT INTO event(event_id,title,description,event_type,organizer_org_id,organizer_faculty_id,organizer_staff_id,venue_id,start_datetime,end_datetime,expected_attendance,requires_registration,is_recurring,status) VALUES (16,'Event 16','Description for event 16.','meeting',7,NULL,NULL,12,'2025-04-10T00:00:00','2025-04-10T02:00:00',293,1,0,'scheduled');
INSERT INTO event(event_id,title,description,event_type,organizer_org_id,organizer_faculty_id,organizer_staff_id,venue_id,start_datetime,end_datetime,expected_attendance,requires_registration,is_recurring,status) VALUES (17,'Event 17','Description for event 17.','academic_conference',3,NULL,NULL,14,'2025-09-08T19:00:00','2025-09-08T20:00:00',153,1,0,'completed');
INSERT INTO event(event_id,title,description,event_type,organizer_org_id,organizer_faculty_id,organizer_staff_id,venue_id,start_datetime,end_datetime,expected_attendance,requires_registration,is_recurring,status) VALUES (18,'Event 18','Description for event 18.','workshop',7,NULL,NULL,5,'2025-08-18T21:00:00','2025-08-18T22:00:00',260,1,0,'completed');
INSERT INTO event(event_id,title,description,event_type,organizer_org_id,organizer_faculty_id,organizer_staff_id,venue_id,start_datetime,end_datetime,expected_attendance,requires_registration,is_recurring,status) VALUES (19,'Event 19','Description for event 19.','social_event',11,NULL,NULL,1,'2025-01-30T20:00:00','2025-01-30T22:00:00',30,0,0,'cancelled');
INSERT INTO event(event_id,title,description,event_type,organizer_org_id,organizer_faculty_id,organizer_staff_id,venue_id,start_datetime,end_datetime,expected_attendance,requires_registration,is_recurring,status) VALUES (20,'Event 20','Description for event 20.','meeting',4,NULL,NULL,8,'2025-05-26T22:00:00','2025-05-27T00:00:00',78,0,1,'completed');
INSERT INTO event(event_id,title,description,event_type,organizer_org_id,organizer_faculty_id,organizer_staff_id,venue_id,start_datetime,end_datetime,expected_attendance,requires_registration,is_recurring,status) VALUES (21,'Event 21','Description for event 21.','academic_conference',5,NULL,NULL,10,'2025-07-26T23:00:00','2025-07-27T01:00:00',58,1,0,'scheduled');
INSERT INTO event(event_id,title,description,event_type,organizer_org_id,organizer_faculty_id,organizer_staff_id,venue_id,start_datetime,end_datetime,expected_attendance,requires_registration,is_recurring,status) VALUES (22,'Event 22','Description for event 22.','academic_conference',5,NULL,NULL,14,'2025-03-18T02:00:00','2025-03-18T03:00:00',197,1,0,'scheduled');

INSERT INTO membership(membership_id,org_id,student_id,membership_level,date_joined,is_active) VALUES (1,9,42,'president','2018-07-27',1);
INSERT INTO membership(membership_id,org_id,student_id,membership_level,date_joined,is_active) VALUES (2,7,24,'secretary','2024-08-23',1);
INSERT INTO membership(membership_id,org_id,student_id,membership_level,date_joined,is_active) VALUES (3,3,47,'treasurer','2023-05-20',1);
INSERT INTO membership(membership_id,org_id,student_id,membership_level,date_joined,is_active) VALUES (4,9,50,'vice_president','2021-07-27',1);
INSERT INTO membership(membership_id,org_id,student_id,membership_level,date_joined,is_active) VALUES (5,5,21,'officer','2024-02-09',1);
INSERT INTO membership(membership_id,org_id,student_id,membership_level,date_joined,is_active) VALUES (6,4,49,'vice_president','2022-10-22',1);
INSERT INTO membership(membership_id,org_id,student_id,membership_level,date_joined,is_active) VALUES (7,1,32,'president','2019-08-07',1);
INSERT INTO membership(membership_id,org_id,student_id,membership_level,date_joined,is_active) VALUES (8,5,22,'president','2022-12-09',1);
INSERT INTO membership(membership_id,org_id,student_id,membership_level,date_joined,is_active) VALUES (9,9,13,'member','2019-12-14',1);
INSERT INTO membership(membership_id,org_id,student_id,membership_level,date_joined,is_active) VALUES (10,4,45,'vice_president','2023-12-16',1);
INSERT INTO membership(membership_id,org_id,student_id,membership_level,date_joined,is_active) VALUES (11,1,6,'president','2019-07-23',1);
INSERT INTO membership(membership_id,org_id,student_id,membership_level,date_joined,is_active) VALUES (12,11,38,'president','2021-09-17',1);
INSERT INTO membership(membership_id,org_id,student_id,membership_level,date_joined,is_active) VALUES (13,12,36,'president','2020-12-15',1);
INSERT INTO membership(membership_id,org_id,student_id,membership_level,date_joined,is_active) VALUES (14,5,15,'member','2023-04-11',1);
INSERT INTO membership(membership_id,org_id,student_id,membership_level,date_joined,is_active) VALUES (15,9,49,'secretary','2019-04-07',1);
INSERT INTO membership(membership_id,org_id,student_id,membership_level,date_joined,is_active) VALUES (16,5,47,'treasurer','2024-09-20',1);
INSERT INTO membership(membership_id,org_id,student_id,membership_level,date_joined,is_active) VALUES (17,2,13,'president','2019-06-06',1);
INSERT INTO membership(membership_id,org_id,student_id,membership_level,date_joined,is_active) VALUES (18,12,35,'officer','2020-01-02',1);
INSERT INTO membership(membership_id,org_id,student_id,membership_level,date_joined,is_active) VALUES (19,12,9,'secretary','2024-08-04',1);
INSERT INTO membership(membership_id,org_id,student_id,membership_level,date_joined,is_active) VALUES (20,10,19,'vice_president','2021-08-11',1);
INSERT INTO membership(membership_id,org_id,student_id,membership_level,date_joined,is_active) VALUES (21,1,17,'vice_president','2018-02-13',1);
INSERT INTO membership(membership_id,org_id,student_id,membership_level,date_joined,is_active) VALUES (22,10,41,'secretary','2018-03-05',1);
INSERT INTO membership(membership_id,org_id,student_id,membership_level,date_joined,is_active) VALUES (23,5,6,'officer','2018-09-25',1);
INSERT INTO membership(membership_id,org_id,student_id,membership_level,date_joined,is_active) VALUES (24,10,40,'officer','2024-09-13',1);
INSERT INTO membership(membership_id,org_id,student_id,membership_level,date_joined,is_active) VALUES (25,8,20,'treasurer','2021-05-19',1);
INSERT INTO membership(membership_id,org_id,student_id,membership_level,date_joined,is_active) VALUES (26,10,48,'member','2024-04-21',1);
INSERT INTO membership(membership_id,org_id,student_id,membership_level,date_joined,is_active) VALUES (27,11,6,'officer','2019-03-18',1);
INSERT INTO membership(membership_id,org_id,student_id,membership_level,date_joined,is_active) VALUES (28,1,27,'vice_president','2023-10-16',1);
INSERT INTO membership(membership_id,org_id,student_id,membership_level,date_joined,is_active) VALUES (29,4,19,'secretary','2020-12-28',1);
INSERT INTO membership(membership_id,org_id,student_id,membership_level,date_joined,is_active) VALUES (30,11,15,'president','2024-11-19',1);
INSERT INTO membership(membership_id,org_id,student_id,membership_level,date_joined,is_active) VALUES (31,4,28,'member','2022-04-21',1);
INSERT INTO membership(membership_id,org_id,student_id,membership_level,date_joined,is_active) VALUES (32,5,10,'member','2018-03-26',1);
INSERT INTO membership(membership_id,org_id,student_id,membership_level,date_joined,is_active) VALUES (33,12,37,'president','2021-02-15',1);
INSERT INTO membership(membership_id,org_id,student_id,membership_level,date_joined,is_active) VALUES (34,12,26,'president','2022-09-16',1);
INSERT INTO membership(membership_id,org_id,student_id,membership_level,date_joined,is_active) VALUES (35,10,3,'vice_president','2023-06-20',1);
INSERT INTO membership(membership_id,org_id,student_id,membership_level,date_joined,is_active) VALUES (36,2,15,'secretary','2024-10-19',0);
INSERT INTO membership(membership_id,org_id,student_id,membership_level,date_joined,is_active) VALUES (37,11,18,'treasurer','2018-03-16',1);
INSERT INTO membership(membership_id,org_id,student_id,membership_level,date_joined,is_active) VALUES (38,8,18,'officer','2022-07-21',1);
INSERT INTO membership(membership_id,org_id,student_id,membership_level,date_joined,is_active) VALUES (39,2,31,'president','2021-06-11',1);
INSERT INTO membership(membership_id,org_id,student_id,membership_level,date_joined,is_active) VALUES (40,3,22,'vice_president','2023-08-10',1);
INSERT INTO membership(membership_id,org_id,student_id,membership_level,date_joined,is_active) VALUES (41,7,49,'treasurer','2018-08-03',1);
INSERT INTO membership(membership_id,org_id,student_id,membership_level,date_joined,is_active) VALUES (42,6,8,'vice_president','2024-09-27',0);
INSERT INTO membership(membership_id,org_id,student_id,membership_level,date_joined,is_active) VALUES (43,11,35,'vice_president','2021-01-07',1);
INSERT INTO membership(membership_id,org_id,student_id,membership_level,date_joined,is_active) VALUES (44,10,49,'vice_president','2023-08-25',1);
INSERT INTO membership(membership_id,org_id,student_id,membership_level,date_joined,is_active) VALUES (45,5,36,'officer','2020-08-23',1);
INSERT INTO membership(membership_id,org_id,student_id,membership_level,date_joined,is_active) VALUES (46,1,41,'treasurer','2024-04-23',1);
INSERT INTO membership(membership_id,org_id,student_id,membership_level,date_joined,is_active) VALUES (47,9,1,'treasurer','2021-02-08',0);
INSERT INTO membership(membership_id,org_id,student_id,membership_level,date_joined,is_active) VALUES (48,2,30,'member','2023-03-16',0);
INSERT INTO membership(membership_id,org_id,student_id,membership_level,date_joined,is_active) VALUES (49,5,33,'secretary','2020-07-27',1);
INSERT INTO membership(membership_id,org_id,student_id,membership_level,date_joined,is_active) VALUES (50,8,16,'vice_president','2022-03-13',1);
INSERT INTO membership(membership_id,org_id,student_id,membership_level,date_joined,is_active) VALUES (51,10,33,'secretary','2019-02-09',1);
INSERT INTO membership(membership_id,org_id,student_id,membership_level,date_joined,is_active) VALUES (52,7,22,'treasurer','2020-01-10',1);
INSERT INTO membership(membership_id,org_id,student_id,membership_level,date_joined,is_active) VALUES (53,10,38,'secretary','2021-03-15',1);
INSERT INTO membership(membership_id,org_id,student_id,membership_level,date_joined,is_active) VALUES (54,6,22,'treasurer','2024-09-13',1);
INSERT INTO membership(membership_id,org_id,student_id,membership_level,date_joined,is_active) VALUES (55,6,13,'secretary','2019-10-13',1);
INSERT INTO membership(membership_id,org_id,student_id,membership_level,date_joined,is_active) VALUES (56,7,3,'president','2023-08-23',0);
INSERT INTO membership(membership_id,org_id,student_id,membership_level,date_joined,is_active) VALUES (57,7,25,'secretary','2024-11-05',1);

INSERT INTO registration(registration_id,event_id,participant_id,participant_type,registration_date,attendance_status,special_requirements,registration_fee) VALUES (1,2,33,'student','2025-09-01T00:27:26.062110','no_show','vegetarian',5);
INSERT INTO registration(registration_id,event_id,participant_id,participant_type,registration_date,attendance_status,special_requirements,registration_fee) VALUES (2,4,4,'staff','2025-11-14T00:27:26.062150','attended',NULL,10);
INSERT INTO registration(registration_id,event_id,participant_id,participant_type,registration_date,attendance_status,special_requirements,registration_fee) VALUES (3,3,5,'faculty','2025-10-03T00:27:26.062165','cancelled',NULL,20);
INSERT INTO registration(registration_id,event_id,participant_id,participant_type,registration_date,attendance_status,special_requirements,registration_fee) VALUES (4,22,4,'staff','2025-10-06T00:27:26.062179','cancelled','vegetarian',0);
INSERT INTO registration(registration_id,event_id,participant_id,participant_type,registration_date,attendance_status,special_requirements,registration_fee) VALUES (5,20,16,'student','2025-08-27T00:27:26.062193','no_show','vegetarian',0);
INSERT INTO registration(registration_id,event_id,participant_id,participant_type,registration_date,attendance_status,special_requirements,registration_fee) VALUES (6,14,49,'student','2025-08-26T00:27:26.062206','registered',NULL,20);
INSERT INTO registration(registration_id,event_id,participant_id,participant_type,registration_date,attendance_status,special_requirements,registration_fee) VALUES (7,1,21,'student','2025-11-08T00:27:26.062219','no_show',NULL,5);
INSERT INTO registration(registration_id,event_id,participant_id,participant_type,registration_date,attendance_status,special_requirements,registration_fee) VALUES (8,5,34,'student','2025-09-24T00:27:26.062232','attended',NULL,0);
INSERT INTO registration(registration_id,event_id,participant_id,participant_type,registration_date,attendance_status,special_requirements,registration_fee) VALUES (9,20,4,'faculty','2025-09-13T00:27:26.062245','attended',NULL,20);
INSERT INTO registration(registration_id,event_id,participant_id,participant_type,registration_date,attendance_status,special_requirements,registration_fee) VALUES (10,15,1,'faculty','2025-09-17T00:27:26.062258','no_show',NULL,10);
INSERT INTO registration(registration_id,event_id,participant_id,participant_type,registration_date,attendance_status,special_requirements,registration_fee) VALUES (11,3,6,'faculty','2025-09-01T00:27:26.062271','no_show',NULL,5);
INSERT INTO registration(registration_id,event_id,participant_id,participant_type,registration_date,attendance_status,special_requirements,registration_fee) VALUES (12,9,5,'faculty','2025-10-21T00:27:26.062284','cancelled','vegetarian',0);
INSERT INTO registration(registration_id,event_id,participant_id,participant_type,registration_date,attendance_status,special_requirements,registration_fee) VALUES (13,8,6,'faculty','2025-09-03T00:27:26.062297','no_show','vegetarian',20);
INSERT INTO registration(registration_id,event_id,participant_id,participant_type,registration_date,attendance_status,special_requirements,registration_fee) VALUES (14,1,4,'staff','2025-10-11T00:27:26.062309','registered',NULL,0);
INSERT INTO registration(registration_id,event_id,participant_id,participant_type,registration_date,attendance_status,special_requirements,registration_fee) VALUES (15,20,4,'staff','2025-10-10T00:27:26.062323','attended',NULL,20);
INSERT INTO registration(registration_id,event_id,participant_id,participant_type,registration_date,attendance_status,special_requirements,registration_fee) VALUES (16,8,2,'staff','2025-08-28T00:27:26.062336','no_show',NULL,10);
INSERT INTO registration(registration_id,event_id,participant_id,participant_type,registration_date,attendance_status,special_requirements,registration_fee) VALUES (17,21,41,'student','2025-08-25T00:27:26.062349','registered',NULL,5);
INSERT INTO registration(registration_id,event_id,participant_id,participant_type,registration_date,attendance_status,special_requirements,registration_fee) VALUES (18,2,3,'staff','2025-10-30T00:27:26.062361','registered','vegetarian',20);
INSERT INTO registration(registration_id,event_id,participant_id,participant_type,registration_date,attendance_status,special_requirements,registration_fee) VALUES (19,14,13,'student','2025-10-30T00:27:26.062374','no_show',NULL,20);
INSERT INTO registration(registration_id,event_id,participant_id,participant_type,registration_date,attendance_status,special_requirements,registration_fee) VALUES (20,6,8,'faculty','2025-10-09T00:27:26.062389','no_show',NULL,5);
INSERT INTO registration(registration_id,event_id,participant_id,participant_type,registration_date,attendance_status,special_requirements,registration_fee) VALUES (21,3,49,'student','2025-10-18T00:27:26.062402','cancelled','vegetarian',15);
INSERT INTO registration(registration_id,event_id,participant_id,participant_type,registration_date,attendance_status,special_requirements,registration_fee) VALUES (22,12,26,'student','2025-11-14T00:27:26.062415','no_show',NULL,5);
INSERT INTO registration(registration_id,event_id,participant_id,participant_type,registration_date,attendance_status,special_requirements,registration_fee) VALUES (23,12,3,'staff','2025-09-02T00:27:26.062427','cancelled',NULL,20);
INSERT INTO registration(registration_id,event_id,participant_id,participant_type,registration_date,attendance_status,special_requirements,registration_fee) VALUES (24,4,2,'staff','2025-09-16T00:27:26.062458','registered',NULL,15);
INSERT INTO registration(registration_id,event_id,participant_id,participant_type,registration_date,attendance_status,special_requirements,registration_fee) VALUES (25,11,2,'staff','2025-08-25T00:27:26.062472','registered',NULL,5);
INSERT INTO registration(registration_id,event_id,participant_id,participant_type,registration_date,attendance_status,special_requirements,registration_fee) VALUES (26,10,4,'staff','2025-11-01T00:27:26.062485','attended',NULL,0);
INSERT INTO registration(registration_id,event_id,participant_id,participant_type,registration_date,attendance_status,special_requirements,registration_fee) VALUES (27,10,2,'faculty','2025-11-03T00:27:26.062497','attended','vegetarian',10);
INSERT INTO registration(registration_id,event_id,participant_id,participant_type,registration_date,attendance_status,special_requirements,registration_fee) VALUES (28,13,6,'faculty','2025-08-22T00:27:26.062509','cancelled',NULL,10);
INSERT INTO registration(registration_id,event_id,participant_id,participant_type,registration_date,attendance_status,special_requirements,registration_fee) VALUES (29,14,1,'staff','2025-09-14T00:27:26.062523','cancelled','vegetarian',20);
INSERT INTO registration(registration_id,event_id,participant_id,participant_type,registration_date,attendance_status,special_requirements,registration_fee) VALUES (30,7,8,'faculty','2025-10-16T00:27:26.062539','no_show',NULL,20);
INSERT INTO registration(registration_id,event_id,participant_id,participant_type,registration_date,attendance_status,special_requirements,registration_fee) VALUES (31,18,3,'staff','2025-11-08T00:27:26.062552','cancelled',NULL,0);
INSERT INTO registration(registration_id,event_id,participant_id,participant_type,registration_date,attendance_status,special_requirements,registration_fee) VALUES (32,15,43,'student','2025-10-19T00:27:26.062564','registered',NULL,20);
INSERT INTO registration(registration_id,event_id,participant_id,participant_type,registration_date,attendance_status,special_requirements,registration_fee) VALUES (33,8,37,'student','2025-10-20T00:27:26.062577','registered',NULL,15);
INSERT INTO registration(registration_id,event_id,participant_id,participant_type,registration_date,attendance_status,special_requirements,registration_fee) VALUES (34,7,2,'staff','2025-10-17T00:27:26.062589','no_show',NULL,15);
INSERT INTO registration(registration_id,event_id,participant_id,participant_type,registration_date,attendance_status,special_requirements,registration_fee) VALUES (35,1,3,'faculty','2025-10-30T00:27:26.062602','no_show',NULL,0);
INSERT INTO registration(registration_id,event_id,participant_id,participant_type,registration_date,attendance_status,special_requirements,registration_fee) VALUES (36,22,9,'student','2025-11-14T00:27:26.062615','no_show',NULL,10);
INSERT INTO registration(registration_id,event_id,participant_id,participant_type,registration_date,attendance_status,special_requirements,registration_fee) VALUES (37,19,1,'faculty','2025-10-24T00:27:26.062627','no_show',NULL,5);
INSERT INTO registration(registration_id,event_id,participant_id,participant_type,registration_date,attendance_status,special_requirements,registration_fee) VALUES (38,17,48,'student','2025-11-07T00:27:26.062639','cancelled',NULL,20);
INSERT INTO registration(registration_id,event_id,participant_id,participant_type,registration_date,attendance_status,special_requirements,registration_fee) VALUES (39,17,1,'staff','2025-09-19T00:27:26.062652','attended','vegetarian',0);
INSERT INTO registration(registration_id,event_id,participant_id,participant_type,registration_date,attendance_status,special_requirements,registration_fee) VALUES (40,22,3,'staff','2025-09-18T00:27:26.062664','registered',NULL,5);
INSERT INTO registration(registration_id,event_id,participant_id,participant_type,registration_date,attendance_status,special_requirements,registration_fee) VALUES (41,13,2,'faculty','2025-09-14T00:27:26.062677','cancelled',NULL,0);
INSERT INTO registration(registration_id,event_id,participant_id,participant_type,registration_date,attendance_status,special_requirements,registration_fee) VALUES (42,3,18,'student','2025-08-28T00:27:26.062693','no_show',NULL,15);
INSERT INTO registration(registration_id,event_id,participant_id,participant_type,registration_date,attendance_status,special_requirements,registration_fee) VALUES (43,17,8,'faculty','2025-09-12T00:27:26.062706','cancelled',NULL,0);
INSERT INTO registration(registration_id,event_id,participant_id,participant_type,registration_date,attendance_status,special_requirements,registration_fee) VALUES (44,21,5,'staff','2025-10-19T00:27:26.062720','cancelled',NULL,10);
INSERT INTO registration(registration_id,event_id,participant_id,participant_type,registration_date,attendance_status,special_requirements,registration_fee) VALUES (45,14,8,'faculty','2025-09-25T00:27:26.062732','cancelled',NULL,20);
INSERT INTO registration(registration_id,event_id,participant_id,participant_type,registration_date,attendance_status,special_requirements,registration_fee) VALUES (46,14,5,'faculty','2025-09-29T00:27:26.062745','attended',NULL,5);
INSERT INTO registration(registration_id,event_id,participant_id,participant_type,registration_date,attendance_status,special_requirements,registration_fee) VALUES (47,3,6,'student','2025-11-04T00:27:26.062757','cancelled',NULL,20);
INSERT INTO registration(registration_id,event_id,participant_id,participant_type,registration_date,attendance_status,special_requirements,registration_fee) VALUES (48,5,1,'staff','2025-09-01T00:27:26.062769','no_show',NULL,5);
INSERT INTO registration(registration_id,event_id,participant_id,participant_type,registration_date,attendance_status,special_requirements,registration_fee) VALUES (49,12,4,'staff','2025-11-09T00:27:26.062782','no_show',NULL,20);
INSERT INTO registration(registration_id,event_id,participant_id,participant_type,registration_date,attendance_status,special_requirements,registration_fee) VALUES (50,4,5,'staff','2025-10-19T00:27:26.062794','attended',NULL,10);
INSERT INTO registration(registration_id,event_id,participant_id,participant_type,registration_date,attendance_status,special_requirements,registration_fee) VALUES (51,4,6,'faculty','2025-11-01T00:27:26.062808','no_show',NULL,5);